{
  "boot_mJ": 0.27259241153846153,
  "wifi_on_mJ": 0.5028501090600003,
  "wifi_off_mJ": 0.5784233567758184,
  "sensor_idle_mJ": 23.639419115429675,
  "sensor_read_mJ": 0.05061416592322459,
  "sender_spike_mJ": 0.5007409285,
  "sender_idle_mJ": 1.0967762060411153,
  "deep_sleep_mJ": 77.8205436681219,
  "total_per_cycle_mJ": 104.46195996139019
}
