{
  "boot_mJ": 0.27068463153846156,
  "wifi_on_mJ": 0.20655029618000006,
  "wifi_off_mJ": 0.5209841035768259,
  "sensor_idle_mJ": 23.457351208593735,
  "sensor_read_mJ": 0.08918734078310946,
  "sender_spike_mJ": 0.2077399415652174,
  "sender_idle_mJ": 0.41060915329515385,
  "deep_sleep_mJ": 77.8205436681219,
  "total_per_cycle_mJ": 102.9836503436544
}
